WAVE,FLUX,ERR,SKYBACK
3647.4006,3.9683953E-18,5.217464E-18,7.5844336E-17
3652.9246,-5.934299E-18,5.475701E-18,9.0318045E-17
3658.4482,8.7540425E-18,5.6547225E-18,5.575468E-17
3663.9722,4.410997E-18,5.698184E-18,3.9519325E-17
3669.4958,1.2428682E-17,5.923028E-18,2.0002734E-17
3675.0198,3.3261938E-17,6.367765E-18,1.1105151E-17
3680.5435,4.6166444E-19,6.3343436E-18,5.2126682E-17
3686.0674,1.10485216E-17,6.6357037E-18,5.539932E-17
3691.5913,1.4250537E-17,7.0069295E-18,7.947379E-17
3697.115,8.58382E-18,7.064281E-18,8.271469E-17
3702.639,-5.6744817E-18,7.012715E-18,7.3449714E-17
3708.1626,4.887026E-19,6.962327E-18,6.103266E-17
3713.6865,8.9923615E-18,6.999985E-18,5.4251153E-17
3719.2102,1.34615935E-17,7.28784E-18,8.2680335E-17
3724.7341,8.203027E-18,7.304617E-18,9.992056E-17
3730.2578,-1.3077597E-17,7.457161E-18,1.3355215E-16
3735.7817,1.5424022E-17,7.3992935E-18,1.2060513E-16
3741.3054,1.5193448E-17,7.205549E-18,1.0706723E-16
3746.8293,1.0228874E-17,6.916818E-18,8.5473373E-17
3752.353,1.2445276E-17,6.67284E-18,6.403134E-17
3757.877,4.714574E-18,6.4211955E-18,5.4757715E-17
3763.4006,8.728367E-18,6.461123E-18,6.222818E-17
3768.9246,2.0401905E-17,6.4737198E-18,5.800056E-17
3774.4482,-8.005927E-18,6.287747E-18,6.81315E-17
3779.9722,5.5704456E-18,6.2339594E-18,6.461484E-17
3785.4958,2.9167623E-17,6.4030153E-18,6.201908E-17
3791.0198,6.2721384E-18,6.0480233E-18,5.4160292E-17
3796.5435,2.1329317E-17,6.1407076E-18,5.1798143E-17
3802.0674,1.9392614E-17,6.122321E-18,5.638526E-17
3807.591,1.6436802E-17,6.0932825E-18,6.3051875E-17
3813.115,9.2468296E-18,6.110315E-18,7.9185974E-17
3818.6387,1.4052729E-18,6.183669E-18,9.9757644E-17
3824.1626,-2.8551094E-18,6.2478606E-18,1.1217147E-16
3829.6863,1.896781E-17,6.2383327E-18,9.7208585E-17
3835.2102,1.8667942E-18,6.1200194E-18,1.0751285E-16
3840.734,3.20565E-18,5.911547E-18,8.9018934E-17
3846.2578,2.1851064E-17,5.999375E-18,6.631904E-17
3851.7815,1.8317342E-17,5.886701E-18,6.376576E-17
3857.3054,-1.0530657E-17,5.637041E-18,6.28171E-17
3862.8293,1.3885722E-17,5.5574245E-18,4.592004E-17
3868.353,6.0049102E-18,5.3998284E-18,4.757585E-17
3873.877,1.1874063E-17,5.32197E-18,3.8156707E-17
3879.4006,1.1731087E-17,5.2389017E-18,3.5501526E-17
3884.9246,1.770484E-17,5.1858633E-18,3.078406E-17
3890.4482,1.0872353E-17,5.1335205E-18,3.809082E-17
3895.9722,2.0787938E-18,5.225383E-18,6.6046494E-17
3901.4958,6.3469337E-18,5.2960355E-18,7.42095E-17
3907.0198,6.5965354E-18,5.3363084E-18,8.566895E-17
3912.5435,6.531626E-18,5.276922E-18,8.610326E-17
3918.0674,2.1548081E-17,5.1247404E-18,5.4354025E-17
3923.591,2.1033535E-17,4.9643704E-18,4.3198766E-17
3929.115,-5.710245E-18,4.7566066E-18,5.0137058E-17
3934.6387,8.2997905E-18,4.8503766E-18,5.71731E-17
3940.1626,1.0728204E-17,4.9258113E-18,6.7377335E-17
3945.6863,1.2588971E-17,4.9320954E-18,7.148932E-17
3951.2102,1.0421681E-17,4.775204E-18,5.964542E-17
3956.734,1.02525745E-17,4.6611425E-18,5.041274E-17
3962.2578,8.4820175E-18,4.5182148E-18,4.1880803E-17
3967.7815,-1.1232665E-18,4.473877E-18,4.978033E-17
3973.3054,5.8865324E-18,4.54681E-18,5.5049687E-17
3978.829,5.2830636E-18,4.5244757E-18,5.7900625E-17
3984.353,7.73442E-18,4.6293883E-18,6.993833E-17
3989.8767,9.832922E-18,4.563184E-18,6.307483E-17
3995.4006,1.0305197E-17,4.542767E-18,6.3829094E-17
4000.9243,9.323605E-18,4.53669E-18,6.627459E-17
4006.4482,1.3799302E-17,4.711207E-18,8.5115303E-17
4011.972,7.015243E-18,4.7172328E-18,8.2072854E-17
4017.4958,2.1429654E-17,4.684484E-18,7.957981E-17
4023.0195,7.0197665E-18,4.52244E-18,8.1277324E-17
4028.5435,1.9363314E-17,4.5575807E-18,7.22996E-17
4034.0671,1.690473E-17,4.540495E-18,7.682471E-17
4039.591,7.1113065E-18,4.5093346E-18,8.893416E-17
4045.115,-4.2181463E-18,4.520744E-18,1.01467354E-16
4050.6387,1.6232301E-17,4.5514104E-18,8.857798E-17
4056.1626,1.415427E-17,4.5471053E-18,9.357511E-17
4061.6863,1.462401E-17,4.5329254E-18,9.413762E-17
4067.2102,1.01755425E-17,4.5306353E-18,1.0424948E-16
4072.734,1.5379139E-17,4.4757548E-18,9.268658E-17
4078.2578,1.2742474E-17,4.4276158E-18,9.295799E-17
4083.7815,4.8151424E-18,4.2897702E-18,8.901393E-17
4089.3054,1.2803258E-17,4.202808E-18,7.0807296E-17
4094.829,2.0096469E-17,4.2218058E-18,6.553345E-17
4100.353,1.27793515E-17,4.1232393E-18,6.594182E-17
4105.877,7.172815E-18,4.0500128E-18,6.755903E-17
4111.4004,9.638674E-18,4.0320505E-18,6.372871E-17
4116.9243,7.260924E-18,4.017817E-18,6.8948E-17
4122.448,3.898427E-18,4.0593533E-18,7.4062754E-17
4127.972,1.5242553E-17,4.1146888E-18,6.635486E-17
4133.4956,2.250931E-17,4.2475286E-18,7.557789E-17
4139.0195,1.6834925E-17,4.1476383E-18,7.3140666E-17
4144.5435,1.2458481E-17,4.122634E-18,7.8192186E-17
4150.0674,8.626935E-18,4.0380174E-18,7.4743094E-17
4155.591,1.0699045E-17,4.08886E-18,7.967683E-17
4161.1147,9.1851144E-18,4.166776E-18,9.437944E-17
4166.6387,3.65153E-18,4.177031E-18,1.0417861E-16
4172.1626,1.8341258E-17,4.2889335E-18,1.01415E-16
4177.686,1.4452013E-17,4.1400605E-18,8.8568756E-17
4183.21,1.2173016E-17,4.0246258E-18,7.902599E-17
4188.734,1.4585479E-17,4.018179E-18,7.711087E-17
4194.258,7.027197E-18,3.8510783E-18,6.7075745E-17
4199.7812,1.9287005E-17,3.932366E-18,6.3815654E-17
4205.305,1.2751923E-17,3.8393518E-18,6.146864E-17
4210.829,1.5191498E-17,3.842621E-18,6.021379E-17
4216.353,8.241315E-18,3.721565E-18,5.7243764E-17
4221.877,-1.6181453E-19,3.662648E-18,6.028372E-17
4227.4004,1.10657625E-17,3.699863E-18,5.1814782E-17
4232.9243,1.1472058E-17,3.7226796E-18,5.580949E-17
4238.448,-6.9351187E-18,3.651569E-18,6.303549E-17
4243.972,9.6815916E-18,3.745009E-18,6.330347E-17
4249.4956,9.171925E-18,3.7205178E-18,6.394102E-17
4255.0195,1.5826227E-17,3.825117E-18,6.7797424E-17
4260.5435,1.119349E-17,3.764868E-18,6.865859E-17
4266.0674,1.4320985E-17,3.757983E-18,6.409158E-17
4271.591,6.975722E-18,3.6897454E-18,6.7464096E-17
4277.1147,4.2017297E-18,3.669011E-18,6.9868816E-17
4282.6387,7.833424E-18,3.6399657E-18,6.249298E-17
4288.1626,1.2911302E-17,3.6701983E-18,6.131366E-17
4293.686,1.7099779E-17,3.6788812E-18,5.763988E-17
4299.21,9.7792675E-18,3.589283E-18,6.0027035E-17
4304.734,1.06800465E-17,3.6458478E-18,6.445821E-17
4310.258,1.3753458E-17,3.6616072E-18,6.490118E-17
4315.7812,2.0133096E-17,3.749171E-18,6.768744E-17
4321.305,1.1245017E-17,3.659341E-18,7.051195E-17
4326.829,9.486868E-18,3.6287297E-18,6.957963E-17
4332.353,1.4758507E-17,3.5925786E-18,5.98343E-17
4337.8765,1.1552516E-17,3.5592548E-18,6.170963E-17
4343.4004,1.417674E-17,3.627924E-18,6.75448E-17
4348.9243,8.593083E-18,3.541404E-18,6.570132E-17
4354.448,1.5241261E-17,3.630904E-18,6.9353946E-17
4359.9717,1.2625218E-17,3.614376E-18,7.227291E-17
4365.4956,2.0788296E-17,3.6814294E-18,7.13919E-17
4371.0195,1.6998826E-17,3.5825598E-18,6.5163767E-17
4376.5435,8.773335E-18,3.4848644E-18,6.672168E-17
4382.067,1.4188133E-17,3.5120236E-18,6.368728E-17
4387.591,1.7270989E-17,3.525468E-18,6.046027E-17
4393.1147,6.5284535E-18,3.4379535E-18,6.560042E-17
4398.6387,1.1224738E-17,3.5156913E-18,7.057411E-17
4404.1626,1.5853454E-17,3.6096077E-18,7.705289E-17
4409.686,1.5675453E-17,3.6558426E-18,8.6748396E-17
4415.21,2.3357316E-17,3.7499493E-18,8.886666E-17
4420.734,1.15987026E-17,3.6419575E-18,9.2604186E-17
4426.258,1.3838497E-17,3.587429E-18,8.343686E-17
4431.7812,5.988389E-18,3.52049E-18,8.7602166E-17
4437.305,1.1128017E-17,3.5335E-18,8.1997574E-17
4442.829,8.797714E-18,3.4806205E-18,7.9517686E-17
4448.353,2.1091046E-17,3.5115815E-18,6.741957E-17
4453.8765,1.8636765E-17,3.478199E-18,6.8230575E-17
4459.4004,7.693753E-18,3.319612E-18,6.4923004E-17
4464.9243,1.8526645E-17,3.3927735E-18,6.057066E-17
4470.448,1.2538179E-17,3.3757315E-18,6.808582E-17
4475.9717,1.0149969E-17,3.3324512E-18,6.750964E-17
4481.4956,8.864351E-18,3.3169237E-18,6.8972186E-17
4487.0195,1.5276173E-17,3.3735101E-18,6.760673E-17
4492.5435,1.730645E-17,3.3750981E-18,6.617352E-17
4498.067,9.82959E-18,3.275927E-18,6.651541E-17
4503.591,1.7417625E-17,3.3613313E-18,6.735324E-17
4509.1147,2.433749E-17,3.3949465E-18,6.328868E-17
4514.6387,1.7999503E-17,3.361889E-18,6.9440595E-17
4520.162,2.3138513E-17,3.3961823E-18,6.7790733E-17
4525.686,2.5623053E-17,3.4253727E-18,7.0051153E-17
4531.21,2.4752184E-17,3.4545163E-18,7.648188E-17
4536.734,2.5874519E-17,3.4667934E-18,7.878893E-17
4542.2573,1.7909153E-17,3.3820456E-18,8.0125565E-17
4547.7812,2.2143799E-17,3.3962562E-18,7.7638186E-17
4553.305,2.4606712E-17,3.3995372E-18,7.4619904E-17
4558.829,2.6657957E-17,3.3908724E-18,7.26631E-17
4564.353,2.302096E-17,3.3323492E-18,6.902848E-17
4569.8765,2.1907233E-17,3.336446E-18,7.195939E-17
4575.4004,1.9511687E-17,3.2798274E-18,6.9065386E-17
4580.9243,2.1722085E-17,3.291858E-18,6.900718E-17
4586.448,3.0473102E-17,3.3527146E-18,6.412324E-17
4591.9717,2.3227602E-17,3.2904126E-18,6.787842E-17
4597.4956,1.8631709E-17,3.2172354E-18,6.5764717E-17
4603.0195,2.2856132E-17,3.2401918E-18,6.347542E-17
4608.5435,2.5809503E-17,3.2592066E-18,6.2126776E-17
4614.067,2.9135085E-17,3.2764845E-18,5.954263E-17
4619.591,1.8611478E-17,3.1860145E-18,6.435349E-17
4625.1147,1.8117059E-17,3.1846441E-18,6.588461E-17
4630.6387,2.3167951E-17,3.219345E-18,6.313296E-17
4636.162,2.3704679E-17,3.1969114E-18,5.9783916E-17
4641.686,2.6588209E-17,3.2169228E-18,5.8600585E-17
4647.21,2.2743609E-17,3.1744768E-18,5.883492E-17
4652.734,2.0477829E-17,3.1453818E-18,5.9796867E-17
4658.2573,2.2506857E-17,3.2107938E-18,6.5286103E-17
4663.7812,2.264797E-17,3.255831E-18,7.2543184E-17
4669.305,2.3099885E-17,3.2515754E-18,7.126237E-17
4674.829,2.7322348E-17,3.2741205E-18,6.806252E-17
4680.3525,2.4761048E-17,3.2826586E-18,7.4028383E-17
4685.8765,2.1510595E-17,3.219369E-18,6.978996E-17
4691.4004,2.0251246E-17,3.2019845E-18,7.010317E-17
4696.9243,1.614535E-17,3.1465173E-18,6.871974E-17
4702.4478,1.5421722E-17,3.1337733E-18,6.8009506E-17
4707.9717,1.9890598E-17,3.140768E-18,6.276717E-17
4713.4956,1.7339855E-17,3.1221953E-18,6.415965E-17
4719.0195,2.5637014E-17,3.1857865E-18,6.038896E-17
4724.543,1.7372922E-17,3.1090131E-18,6.331079E-17
4730.067,2.0226622E-17,3.114322E-18,5.9123734E-17
4735.591,1.1917851E-17,3.0652174E-18,6.529368E-17
4741.1147,2.1161595E-17,3.1375395E-18,6.1402696E-17
4746.6387,1.7469403E-17,3.1143863E-18,6.400744E-17
4752.162,1.6355409E-17,3.0876311E-18,6.2776695E-17
4757.686,1.9664232E-17,3.0927642E-18,5.853509E-17
4763.21,1.7367372E-17,3.0556606E-18,5.695754E-17
4768.734,1.6160767E-17,3.0544693E-18,5.901396E-17
4774.2573,1.8483794E-17,3.0557621E-18,5.5392163E-17
4779.7812,2.3408606E-17,3.1163984E-18,5.627652E-17
4785.305,1.9646817E-17,3.0948692E-18,5.981653E-17
4790.829,1.3931947E-17,3.0405524E-18,6.081371E-17
4796.3525,1.4972788E-17,3.0426484E-18,5.949581E-17
4801.8765,1.747144E-17,3.0966697E-18,6.329763E-17
4807.4004,2.5809316E-17,3.1479636E-18,5.8587456E-17
4812.9243,1.4791389E-17,3.0917544E-18,6.799527E-17
4818.4478,1.658749E-17,3.151254E-18,7.352324E-17
4823.9717,1.3609247E-17,3.1238943E-18,7.4868534E-17
4829.4956,1.9613779E-17,3.2183015E-18,7.95365E-17
4835.0195,1.4076573E-17,3.1299642E-18,7.4940386E-17
4840.543,1.813738E-17,3.157776E-18,7.2928657E-17
4846.067,1.7699867E-17,3.1298072E-18,7.01015E-17
4851.591,1.5300059E-17,3.0992456E-18,6.9889026E-17
4857.1147,1.4250654E-17,3.0310352E-18,6.248994E-17
4862.638,1.6607004E-17,3.0965949E-18,6.793757E-17
4868.162,1.9256239E-17,3.0752127E-18,6.1854495E-17
4873.686,1.3181617E-17,2.9915254E-18,5.9961145E-17
4879.21,1.5041644E-17,3.0320886E-18,6.2856866E-17
4884.7334,1.4880559E-17,3.063729E-18,6.726339E-17
4890.2573,1.98064E-17,3.1024135E-18,6.5861556E-17
4895.7812,1.7759182E-17,3.0669735E-18,6.4450797E-17
4901.305,1.4009275E-17,3.0333224E-18,6.557658E-17
4906.8286,2.0186046E-17,3.0695006E-18,6.252962E-17
4912.3525,1.8356183E-17,3.0610666E-18,6.378408E-17
4917.8765,1.2204239E-17,2.9902416E-18,6.403225E-17
4923.4004,1.9327896E-17,3.0293037E-18,5.9825646E-17
4928.9243,2.3572925E-17,3.0444393E-18,5.5054035E-17
4934.4478,2.2174069E-17,3.048432E-18,5.820699E-17
4939.9717,2.7927682E-17,3.1325175E-18,6.180763E-17
4945.4956,2.2436229E-17,3.029019E-18,5.6532024E-17
4951.0195,1.433408E-17,2.9866254E-18,6.25597E-17
4956.543,2.1096009E-17,3.0239755E-18,5.7807716E-17
4962.067,2.0072236E-17,3.039063E-18,6.148735E-17
4967.591,2.5713516E-17,3.087559E-18,6.139448E-17
4973.1147,2.0254429E-17,3.0684904E-18,6.659872E-17
4978.638,1.8998052E-17,3.0498596E-18,6.661322E-17
4984.162,2.1944724E-17,3.0671315E-18,6.457744E-17
4989.686,1.4732224E-17,2.998341E-18,6.653181E-17
4995.21,1.3317587E-17,2.9904492E-18,6.758273E-17
5000.7334,1.4178612E-17,2.9941428E-18,6.7042426E-17
5006.2573,2.0650134E-17,2.9981215E-18,5.850233E-17
5011.7812,1.5944381E-17,2.9751933E-18,6.2599626E-17
5017.305,1.8395192E-17,2.983848E-18,6.043231E-17
5022.8286,1.7545316E-17,2.9653304E-18,5.892683E-17
5028.3525,2.0751478E-17,2.963174E-18,5.4481563E-17
5033.8765,2.7487437E-17,2.9901965E-18,4.9034506E-17
5039.4004,1.649275E-17,2.9285029E-18,5.6094486E-17
5044.924,2.0504295E-17,2.9293414E-18,5.2100894E-17
5050.4478,1.9706784E-17,2.9674228E-18,5.749813E-17
5055.9717,1.946657E-17,2.9527519E-18,5.567459E-17
5061.4956,1.845669E-17,2.9102375E-18,5.2575606E-17
5067.019,2.2143921E-17,2.967476E-18,5.3980338E-17
5072.543,1.80115E-17,2.9349646E-18,5.6097483E-17
5078.067,2.6095613E-17,2.9951641E-18,5.2226394E-17
5083.591,1.6390767E-17,2.895802E-18,5.4678495E-17
5089.1147,1.8463791E-17,2.9608204E-18,5.915408E-17
5094.638,1.8761662E-17,2.9474995E-18,5.664382E-17
5100.162,1.9403991E-17,2.928388E-18,5.3050908E-17
5105.686,2.1465898E-17,2.9538372E-18,5.3910947E-17
5111.21,2.1509558E-17,2.92445E-18,4.994265E-17
5116.7334,2.0657115E-17,2.9352616E-18,5.2256043E-17
5122.2573,2.0480482E-17,2.9439505E-18,5.4248003E-17
5127.7812,2.0015772E-17,2.975474E-18,5.953089E-17
5133.305,2.7870984E-17,3.0645443E-18,6.007988E-17
5138.8286,2.3944301E-17,3.0582096E-18,6.536691E-17
5144.3525,1.8299015E-17,3.0040693E-18,6.618213E-17
5149.8765,1.8124111E-17,3.0005451E-18,6.540583E-17
5155.4004,2.5607909E-17,3.053986E-18,6.220353E-17
5160.924,2.3569001E-17,3.0359789E-18,6.2091624E-17
5166.4478,2.8058896E-17,3.046951E-18,5.703215E-17
5171.9717,2.2265336E-17,2.9734264E-18,5.5762297E-17
5177.4956,2.3282802E-17,2.9755914E-18,5.438138E-17
5183.019,2.796271E-17,3.0562847E-18,5.826538E-17
5188.543,2.6190608E-17,3.0469837E-18,5.981148E-17
5194.067,2.9871775E-17,3.1156535E-18,6.415379E-17
5199.591,3.2049374E-17,3.1626785E-18,6.868156E-17
5205.1143,2.680063E-17,3.1297683E-18,7.1068314E-17
5210.638,2.470793E-17,3.054667E-18,6.3856107E-17
5216.162,2.9043248E-17,3.123119E-18,6.636566E-17
5221.686,2.853818E-17,3.0843013E-18,6.200445E-17
5227.2095,3.5653308E-17,3.10232E-18,5.397354E-17
5232.7334,3.612562E-17,3.1284095E-18,5.6449346E-17
5238.2573,2.801427E-17,3.0712776E-18,6.0371684E-17
5243.7812,3.3008192E-17,3.1228674E-18,6.0845705E-17
5249.3047,3.1590792E-17,3.0757944E-18,5.596612E-17
5254.8286,2.864207E-17,3.0747567E-18,5.9707604E-17
5260.3525,3.0885223E-17,3.063805E-18,5.568595E-17
5265.8765,2.946551E-17,3.082892E-18,5.967406E-17
5271.4004,3.641977E-17,3.1087582E-18,5.3514374E-17
5276.924,3.4641944E-17,3.1093184E-18,5.5357736E-17
5282.4478,2.9708992E-17,3.0733989E-18,5.850504E-17
5287.9717,3.0237693E-17,3.0562107E-18,5.460828E-17
5293.4956,2.4897367E-17,3.001987E-18,5.5459128E-17
5299.019,3.3898546E-17,3.1028808E-18,5.592874E-17
5304.543,3.1820404E-17,3.096659E-18,5.796754E-17
5310.067,2.7458117E-17,3.060951E-18,5.9821914E-17
5315.591,2.9201067E-17,3.088909E-18,6.0790066E-17
5321.1143,2.6039515E-17,3.087458E-18,6.529327E-17
5326.638,3.2770077E-17,3.145539E-18,6.31147E-17
5332.162,3.081338E-17,3.1379032E-18,6.5309867E-17
5337.686,2.5076253E-17,3.0605453E-18,6.2229704E-17
5343.2095,2.2854891E-17,3.0668739E-18,6.696381E-17
5348.7334,2.951995E-17,3.1007862E-18,6.220835E-17
5354.2573,2.7908227E-17,3.0841268E-18,6.12996E-17
5359.7812,2.462684E-17,3.056792E-18,6.240747E-17
5365.3047,3.0339235E-17,3.1044748E-18,6.0686966E-17
5370.8286,2.7151739E-17,3.094678E-18,6.409152E-17
5376.3525,2.2650675E-17,3.0379749E-18,6.2437704E-17
5381.8765,2.8806006E-17,3.0894956E-18,6.01093E-17
5387.4,2.875161E-17,3.078425E-18,5.835698E-17
5392.924,2.9262242E-17,3.072531E-18,5.6705726E-17
5398.4478,2.1741718E-17,2.9896098E-18,5.721644E-17
5403.9717,3.0362134E-17,3.0883537E-18,5.796015E-17
5409.495,2.5130897E-17,3.034195E-18,5.73536E-17
5415.019,2.8839136E-17,3.067698E-18,5.7553864E-17
5420.543,2.2252707E-17,3.0073125E-18,5.954896E-17
5426.067,3.305154E-17,3.09383E-18,5.5016596E-17
5431.5903,2.8470594E-17,3.064788E-18,5.7055385E-17
5437.1143,2.848437E-17,3.053193E-18,5.5461246E-17
5442.638,2.4058163E-17,3.0187448E-18,5.7488556E-17
5448.162,2.9689775E-17,3.0658713E-18,5.604999E-17
5453.686,2.0994367E-17,3.0461586E-18,6.7188897E-17
5459.2095,3.1286962E-17,3.140266E-18,6.474679E-17
5464.7334,2.3640536E-17,3.0858994E-18,6.801865E-17
5470.2573,3.0613177E-17,3.099933E-18,5.9091646E-17
5475.7812,3.0963633E-17,3.0770687E-18,5.62045E-17
5481.3047,2.0670008E-17,2.9918585E-18,5.9680876E-17
5486.8286,2.4325013E-17,3.0214317E-18,6.1296155E-17
5492.3525,2.590292E-17,3.0321166E-18,6.055337E-17
5497.8765,2.777299E-17,3.0624617E-18,6.2056585E-17
5503.4,2.507745E-17,3.0387565E-18,6.298281E-17
5508.924,2.6051273E-17,3.0766195E-18,6.700435E-17
5514.4478,1.8951207E-17,3.017104E-18,6.964705E-17
5519.9717,3.1034215E-17,3.0769038E-18,5.916702E-17
5525.495,3.033011E-17,3.0652758E-18,5.90515E-17
5531.019,2.5714928E-17,3.0450733E-18,6.4398644E-17
5536.543,3.0697923E-17,3.1052596E-18,6.433838E-17
5542.067,2.4542043E-17,3.0572327E-18,6.720993E-17
5547.5903,1.8342644E-17,3.0449133E-18,7.539284E-17
5553.1143,2.5880236E-17,3.099709E-18,7.2317575E-17
5558.638,2.0219745E-17,3.127767E-18,8.4849335E-17
5564.162,6.4782676E-18,4.7095156E-18,4.0968456E-16
5569.6855,2.117413E-17,7.501396E-18,1.2222613E-15
5575.2095,2.4904861E-17,7.891453E-18,1.3635996E-15
5580.7334,1.12353155E-17,7.751303E-18,1.332856E-15
5586.2573,2.5732332E-17,6.311411E-18,8.144556E-16
5591.781,2.5559201E-17,3.5596626E-18,1.479634E-16
5597.3047,2.3442441E-17,3.0931044E-18,7.696307E-17
5602.8286,2.6295254E-17,3.1111154E-18,7.35228E-17
5608.3525,3.391703E-17,3.1535268E-18,6.8667194E-17
5613.876,2.7636237E-17,3.1176057E-18,7.267815E-17
5619.4,2.9783895E-17,3.1084868E-18,6.820821E-17
5624.924,2.5998538E-17,3.0696375E-18,6.8191823E-17
5630.4478,3.124566E-17,3.1121663E-18,6.6166965E-17
5635.9717,2.3328005E-17,3.0579885E-18,7.0304357E-17
5641.495,2.3243545E-17,3.0488231E-18,7.013639E-17
5647.019,2.2615348E-17,3.0385508E-18,6.942932E-17
5652.543,2.1822245E-17,3.0337258E-18,7.01523E-17
5658.067,2.5868416E-17,3.1126707E-18,7.5030774E-17
5663.5903,2.1748559E-17,3.052246E-18,7.279816E-17
5669.1143,2.2251326E-17,3.073178E-18,7.543677E-17
5674.638,2.8107303E-17,3.1684177E-18,8.068215E-17
5680.162,2.3881925E-17,3.1680314E-18,8.74196E-17
5685.6855,2.7175871E-17,3.1812117E-18,8.3901684E-17
5691.2095,2.0531003E-17,3.1456816E-18,9.0753817E-17
5696.7334,2.5894596E-17,3.139731E-18,7.9567906E-17
5702.2573,2.2215439E-17,3.1148795E-18,8.23101E-17
5707.781,2.2491579E-17,3.0741346E-18,7.572719E-17
5713.3047,1.6667001E-17,3.0358831E-18,7.912336E-17
5718.8286,1.812333E-17,3.0268141E-18,7.6005735E-17
5724.3525,2.0025917E-17,3.065221E-18,7.839279E-17
5729.876,2.371432E-17,3.0699286E-18,7.341108E-17
5735.4,2.1207081E-17,3.0300101E-18,6.890768E-17
5740.924,1.9765815E-17,3.0286265E-18,7.0681233E-17
5746.4478,2.5178354E-17,3.109608E-18,7.4160646E-17
5751.971,2.4230549E-17,3.0803462E-18,7.171688E-17
5757.495,1.3817392E-17,2.967909E-18,7.260524E-17
5763.019,1.1821945E-17,2.9970846E-18,7.97795E-17
5768.543,2.3050334E-17,3.0901303E-18,7.5531476E-17
5774.0664,2.448306E-17,3.079104E-18,7.085753E-17
5779.5903,2.7485127E-17,3.0948704E-18,6.925751E-17
5785.1143,3.193445E-17,3.1556862E-18,7.0480076E-17
5790.638,2.9426626E-17,3.1332822E-18,7.206193E-17
5796.162,2.2033646E-17,3.0533631E-18,7.114553E-17
5801.6855,2.3729699E-17,3.0750958E-18,7.222212E-17
5807.2095,1.6161716E-17,3.0146184E-18,7.5493975E-17
5812.7334,2.2790115E-17,3.0654056E-18,7.3157633E-17
5818.2573,1.9271303E-17,3.0789766E-18,8.0379145E-17
5823.781,1.7589498E-17,3.0576353E-18,7.9214025E-17
5829.3047,2.21234E-17,3.1159524E-18,8.067571E-17
5834.8286,2.3681025E-17,3.1294478E-18,8.013036E-17
5840.3525,2.1806378E-17,3.088427E-18,7.7809525E-17
5845.876,2.3111193E-17,3.1393585E-18,8.215454E-17
5851.4,1.6949138E-17,3.0847784E-18,8.405496E-17
5856.924,2.3238938E-17,3.1993692E-18,9.159562E-17
5862.4478,2.3452547E-17,3.2469205E-18,9.902238E-17
5867.971,2.0974137E-17,3.264139E-18,1.05717E-16
5873.495,2.2429659E-17,3.3477608E-18,1.1676949E-16
5879.019,1.3140754E-17,3.6699224E-18,1.8872376E-16
5884.543,2.1653691E-17,4.1618604E-18,2.705302E-16
5890.0664,2.3983683E-17,4.3382025E-18,3.0371052E-16
5895.5903,2.0242046E-17,4.1910193E-18,2.7833492E-16
5901.1143,2.2261283E-17,3.8021005E-18,1.974844E-16
5906.638,2.2167231E-17,3.3856196E-18,1.2342926E-16
5912.1616,2.3607187E-17,3.2898735E-18,1.0555183E-16
5917.6855,2.4519063E-17,3.3417946E-18,1.1214714E-16
5923.2095,2.1628614E-17,3.346252E-18,1.1760273E-16
5928.7334,2.083371E-17,3.328596E-18,1.1595107E-16
5934.257,1.954878E-17,3.2855056E-18,1.10717245E-16
5939.781,1.9902723E-17,3.28956E-18,1.1074609E-16
5945.3047,2.1323494E-17,3.2990395E-18,1.09569734E-16
5950.8286,1.8937392E-17,3.2424361E-18,1.0461823E-16
5956.352,2.478127E-17,3.2911612E-18,1.0249175E-16
5961.876,2.4494158E-17,3.2819187E-18,1.0085455E-16
5967.4,2.2835312E-17,3.26347E-18,1.01001684E-16
5972.924,2.8465032E-17,3.313083E-18,9.9021004E-17
5978.4478,3.0077597E-17,3.2853422E-18,9.21894E-17
5983.971,3.077351E-17,3.2700813E-18,8.7865275E-17
5989.495,2.6829946E-17,3.2091576E-18,8.513744E-17
5995.019,2.711722E-17,3.2220319E-18,8.62534E-17
6000.543,2.9404805E-17,3.237759E-18,8.455926E-17
6006.0664,2.616958E-17,3.202801E-18,8.4539526E-17
6011.5903,2.849341E-17,3.1919518E-18,7.9164235E-17
6017.1143,2.6284251E-17,3.1559623E-18,7.667273E-17
6022.638,2.9244428E-17,3.166837E-18,7.3212724E-17
6028.1616,2.5600206E-17,3.143012E-18,7.554248E-17
6033.6855,2.3470314E-17,3.1287577E-18,7.716904E-17
6039.2095,2.9360514E-17,3.1382447E-18,6.831093E-17
6044.7334,2.9453705E-17,3.1386545E-18,6.850633E-17
6050.257,3.001092E-17,3.1515E-18,6.887697E-17
6055.781,2.6712178E-17,3.1206476E-18,6.982001E-17
6061.3047,2.5785026E-17,3.1246158E-18,7.379132E-17
6066.8286,2.7537539E-17,3.139596E-18,7.0643805E-17
6072.352,3.2600995E-17,3.194287E-18,7.052387E-17
6077.876,2.9221737E-17,3.1421264E-18,6.984821E-17
6083.4,3.084972E-17,3.1296188E-18,6.5577814E-17
6088.924,3.506539E-17,3.1754823E-18,6.541746E-17
6094.4473,3.6873422E-17,3.1822333E-18,6.353062E-17
6099.971,3.228293E-17,3.15657E-18,6.671993E-17
6105.495,3.1044158E-17,3.1535746E-18,6.94089E-17
6111.019,3.137038E-17,3.154797E-18,6.787447E-17
6116.5425,3.191171E-17,3.1573221E-18,6.708945E-17
6122.0664,3.092262E-17,3.1090857E-18,6.162176E-17
6127.5903,2.9975086E-17,3.1695956E-18,7.232654E-17
6133.1143,3.6929253E-17,3.187791E-18,6.32169E-17
6138.6377,3.3100082E-17,3.1880914E-18,6.992748E-17
6144.1616,3.2071926E-17,3.2051638E-18,7.404715E-17
6149.6855,3.370327E-17,3.183663E-18,6.849695E-17
6155.2095,2.9373756E-17,3.1743668E-18,7.407935E-17
6160.7334,2.928919E-17,3.1633998E-18,7.2783946E-17
6166.257,3.5202934E-17,3.2047254E-18,6.9996645E-17
6171.781,4.679818E-17,3.317745E-18,6.91764E-17
6177.3047,2.7617613E-17,3.1225803E-18,6.904484E-17
6182.8286,3.722235E-17,3.197722E-18,6.48001E-17
6188.352,4.0692594E-17,3.2213463E-18,6.324021E-17
6193.876,3.272486E-17,3.168597E-18,6.7915624E-17
6199.4,3.2063367E-17,3.1788925E-18,7.0962395E-17
6204.924,2.809159E-17,3.1239611E-18,6.892933E-17
6210.4473,3.2119046E-17,3.1875672E-18,7.284461E-17
6215.971,3.3453943E-17,3.1846375E-18,6.9840824E-17
6221.495,3.309705E-17,3.2387632E-18,7.910403E-17
6227.019,3.4080175E-17,3.375087E-18,9.9338165E-17
6232.5425,3.398318E-17,3.4342333E-18,1.1033579E-16
6238.0664,3.208913E-17,3.4076814E-18,1.0854399E-16
6243.5903,3.2849053E-17,3.3829706E-18,1.03463096E-16
6249.1143,3.404544E-17,3.3612015E-18,9.795149E-17
6254.6377,3.8649687E-17,3.406641E-18,9.849042E-17
6260.1616,3.9478952E-17,3.4212517E-18,9.9169526E-17
6265.6855,3.1612603E-17,3.3342426E-18,9.819529E-17
6271.2095,3.2897003E-17,3.2752276E-18,8.6216076E-17
6276.733,3.585553E-17,3.2514313E-18,7.809441E-17
6282.257,3.9597583E-17,3.3810218E-18,9.374054E-17
6287.781,3.240665E-17,4.0305806E-18,2.2447358E-16
6293.3047,2.3474717E-17,4.6525005E-18,3.7302082E-16
6298.828,2.7709301E-17,4.7683802E-18,3.9442902E-16
6304.352,2.9905957E-17,4.635883E-18,3.5960996E-16
6309.876,3.051301E-17,4.0161273E-18,2.2578034E-16
6315.4,2.6147821E-17,3.2831775E-18,1.01150974E-16
6320.924,2.7209148E-17,3.2498336E-18,9.38209E-17
6326.4473,2.622005E-17,3.2443695E-18,9.41317E-17
6331.971,2.8172068E-17,3.219684E-18,8.7520546E-17
6337.495,2.897387E-17,3.207293E-18,8.339771E-17
6343.019,2.593833E-17,3.1439336E-18,8.0111496E-17
6348.5425,2.5133072E-17,3.2607915E-18,9.949852E-17
6354.0664,3.1515614E-17,3.619176E-18,1.5077343E-16
6359.5903,3.0523736E-17,3.715758E-18,1.698919E-16
6365.1143,3.0211352E-17,3.6810273E-18,1.6458468E-16
6370.6377,3.9952175E-17,3.5990872E-18,1.3271306E-16
6376.1616,3.763623E-17,3.2609499E-18,7.900594E-17
6381.6855,3.472959E-17,3.1393806E-18,6.499266E-17
6387.2095,3.2103065E-17,3.1301499E-18,6.8860655E-17
6392.733,2.693652E-17,3.067446E-18,6.7448334E-17
6398.257,3.1467337E-17,3.053971E-18,5.8398256E-17
6403.781,3.0718093E-17,3.0558538E-18,5.837625E-17
6409.3047,3.3008318E-17,3.089357E-18,6.0167675E-17
6414.828,3.3486203E-17,3.1009458E-18,6.1433175E-17
6420.352,3.7890957E-17,3.1488212E-18,6.108596E-17
6425.876,3.2104398E-17,3.0817263E-18,6.1661365E-17
6431.4,3.9077425E-17,3.1169113E-18,5.4259822E-17
6436.9233,3.1241057E-17,3.0349174E-18,5.534534E-17
6442.4473,3.1583476E-17,3.0494756E-18,5.666105E-17
6447.971,3.2221868E-17,3.0626867E-18,5.7602264E-17
6453.495,3.4784066E-17,3.1643422E-18,6.951368E-17
6459.0186,3.1558396E-17,3.1953418E-18,7.976316E-17
6464.5425,3.262917E-17,3.241564E-18,8.442387E-17
6470.0664,3.7921225E-17,3.2725895E-18,8.12504E-17
6475.5903,3.2243126E-17,3.174629E-18,7.435976E-17
6481.114,3.313036E-17,3.0843454E-18,5.913006E-17
6486.6377,3.0133703E-17,3.1121668E-18,6.833178E-17
6492.1616,2.9287934E-17,3.1688894E-18,7.8176006E-17
6497.6855,3.6422483E-17,3.2426076E-18,7.780845E-17
6503.2095,3.629685E-17,3.2536173E-18,7.9712577E-17
6508.733,2.9578837E-17,3.129863E-18,7.125835E-17
6514.257,2.622403E-17,3.0450239E-18,6.426305E-17
6519.781,2.7684064E-17,3.0779604E-18,6.731591E-17
6525.3047,2.5817976E-17,3.108703E-18,7.4621703E-17
6530.828,2.777699E-17,3.1450631E-18,7.603714E-17
6536.352,2.9397506E-17,3.1853462E-18,8.046503E-17
6541.876,2.6191407E-17,3.174175E-18,8.281779E-17
6547.4,2.4649344E-17,3.1812074E-18,8.647602E-17
6552.9233,3.0443307E-17,3.2754065E-18,9.112289E-17
6558.4473,3.0187834E-17,3.3002209E-18,9.596103E-17
6563.971,2.1293662E-17,3.2194721E-18,9.7290595E-17
6569.495,2.8165427E-17,3.2593462E-18,9.228534E-17
6575.0186,2.8007E-17,3.1449527E-18,7.37919E-17
6580.5425,2.9370725E-17,3.119109E-18,6.885597E-17
6586.0664,2.6864384E-17,3.0946872E-18,6.709345E-17
6591.5903,1.8236414E-17,2.9720918E-18,6.445241E-17
6597.114,3.0160977E-17,3.1125502E-18,6.346098E-17
6602.6377,2.8831996E-17,3.0887826E-18,6.200371E-17
6608.1616,3.340772E-17,3.0996602E-18,5.599367E-17
6613.6855,2.6263633E-17,3.010868E-18,5.400299E-17
6619.209,2.3678803E-17,2.9602722E-18,5.1258288E-17
6624.733,3.1441423E-17,3.019179E-18,4.6603E-17
6630.257,2.340632E-17,3.0088523E-18,5.764483E-17
6635.781,2.4144891E-17,2.9690172E-18,5.099606E-17
6641.304,2.7145874E-17,3.012047E-18,5.0256847E-17
6646.828,2.8462557E-17,2.9910667E-18,4.5720847E-17
6652.352,2.5224198E-17,2.9531957E-18,4.5564328E-17
6657.876,2.862684E-17,3.0129274E-18,4.7493733E-17
6663.3994,2.424354E-17,3.0048103E-18,5.2788175E-17
6668.9233,2.5859092E-17,3.0243491E-18,5.2239493E-17
6674.4473,3.050116E-17,3.0321333E-18,4.5555222E-17
6679.971,2.4159858E-17,2.9723422E-18,4.7177E-17
6685.495,2.5934365E-17,2.9869808E-18,4.5500294E-17
6691.0186,2.3914923E-17,2.9870669E-18,4.904139E-17
6696.5425,2.3922128E-17,3.0056447E-18,5.1325836E-17
6702.0664,2.5844732E-17,3.0242433E-18,4.9466403E-17
6707.5903,2.512811E-17,3.0008003E-18,4.7318953E-17
6713.114,2.5065897E-17,3.0089946E-18,4.859746E-17
6718.6377,2.2620898E-17,3.0001582E-18,5.0263895E-17
6724.1616,2.894516E-17,3.0406061E-18,4.54294E-17
6729.6855,3.2612145E-17,3.076019E-18,4.514105E-17
6735.209,2.6418706E-17,3.0351052E-18,4.791537E-17
6740.733,2.3716021E-17,2.9928187E-18,4.6011528E-17
6746.257,2.8271108E-17,3.0324373E-18,4.4516164E-17
6751.781,2.6371145E-17,3.0288781E-18,4.6146868E-17
6757.304,2.978894E-17,3.0738952E-18,4.6586177E-17
6762.828,2.4620131E-17,2.9946318E-18,4.316947E-17
6768.352,2.5490747E-17,3.0374655E-18,4.7064013E-17
6773.876,2.329702E-17,3.0069756E-18,4.7066947E-17
6779.3994,2.3160435E-17,3.0209831E-18,4.84123E-17
6784.9233,2.4033617E-17,3.0131485E-18,4.5226322E-17
6790.4473,2.2475505E-17,2.9904475E-18,4.3779288E-17
6795.971,2.4749833E-17,3.035344E-18,4.6763395E-17
6801.4946,2.1691478E-17,2.9986757E-18,4.5710662E-17
6807.0186,1.7744938E-17,2.9486338E-18,4.5315634E-17
6812.5425,2.1978788E-17,3.0057303E-18,4.5739763E-17
6818.0664,2.868784E-17,3.2681162E-18,7.208705E-17
6823.59,2.5442421E-17,3.4890094E-18,1.1023554E-16
6829.114,2.9160817E-17,3.6585504E-18,1.3139755E-16
6834.6377,2.0780895E-17,3.5968803E-18,1.3451812E-16
6840.1616,2.337325E-17,3.4542773E-18,1.0791589E-16
6845.6855,2.1527054E-17,3.1889411E-18,7.0701926E-17
6851.209,2.0791712E-17,3.2227221E-18,7.648348E-17
6856.733,2.6847626E-17,3.4683036E-18,1.0328903E-16
6862.257,2.1009895E-17,3.4464478E-18,1.0898578E-16
6867.781,2.0068598E-17,3.422623E-18,1.0731805E-16
6873.304,2.6140089E-17,3.3309263E-18,8.6496655E-17
6878.828,2.0377649E-17,3.098234E-18,6.2680855E-17
6884.352,2.0539824E-17,3.0953454E-18,6.193991E-17
6889.876,2.1424825E-17,3.1180033E-18,6.329711E-17
6895.3994,1.6600772E-17,3.0613026E-18,6.122951E-17
6900.9233,1.985095E-17,3.1116628E-18,6.3181114E-17
6906.4473,2.5661755E-17,3.2102631E-18,6.836201E-17
6911.971,2.2044231E-17,3.2316776E-18,7.6628913E-17
6917.4946,1.9651044E-17,3.2978529E-18,8.885152E-17
6923.0186,2.1121451E-17,3.3101547E-18,8.723408E-17
6928.5425,2.280774E-17,3.2906816E-18,8.105846E-17
6934.0664,2.605481E-17,3.3043167E-18,7.784795E-17
6939.59,2.4785077E-17,3.3869173E-18,9.151362E-17
6945.114,2.5854829E-17,3.4828465E-18,1.04700684E-16
6950.6377,2.7165033E-17,3.4279467E-18,9.3581576E-17
6956.1616,2.2719133E-17,3.3322198E-18,8.550564E-17
6961.685,1.7185633E-17,3.1736623E-18,7.006823E-17
6967.209,1.3717492E-17,3.1360564E-18,7.0711495E-17
6972.733,3.207323E-17,3.4065328E-18,8.047142E-17
6978.257,2.787905E-17,3.3823428E-18,8.29782E-17
6983.7803,2.009866E-17,3.242294E-18,7.401074E-17
6989.304,2.4455289E-17,3.1824262E-18,5.8697544E-17
6994.828,2.41118E-17,3.1341776E-18,5.1976688E-17
7000.352,1.7215615E-17,3.151814E-18,5.769649E-17
7005.8755,2.6655455E-17,3.220117E-18,6.021809E-17
7011.3994,2.1155462E-17,3.1911685E-18,6.3894E-17
7016.9233,1.594592E-17,3.1040035E-18,6.0202615E-17
7022.4473,2.1540119E-17,3.0966718E-18,5.0571255E-17
7027.971,2.3929855E-17,3.0909798E-18,4.5824046E-17
7033.4946,2.466825E-17,3.107385E-18,4.6518907E-17
7039.0186,2.724662E-17,3.1566771E-18,5.0143096E-17
7044.5425,2.6402277E-17,3.1996814E-18,5.621513E-17
7050.0664,2.2206487E-17,3.2030135E-18,6.366882E-17
7055.59,2.5843556E-17,3.2290164E-18,6.142327E-17
7061.114,2.4714784E-17,3.1772487E-18,5.55845E-17
7066.6377,2.0030772E-17,3.1097109E-18,5.422504E-17
7072.1616,2.6779254E-17,3.1710145E-18,5.143854E-17
7077.685,2.3883925E-17,3.1758632E-18,5.6313013E-17
7083.209,2.4440002E-17,3.211242E-18,5.6329114E-17
7088.733,2.4181504E-17,3.149143E-18,5.2778927E-17
7094.257,2.6844542E-17,3.1263448E-18,4.629767E-17
7099.7803,2.3028943E-17,3.091443E-18,4.6666407E-17
7105.304,2.437164E-17,3.0614505E-18,4.1461214E-17
7110.828,2.626214E-17,3.0837047E-18,4.1117974E-17
7116.352,2.514956E-17,3.0833064E-18,4.2880854E-17
7121.8755,2.7307166E-17,3.1360067E-18,4.6524922E-17
7127.3994,2.3278844E-17,3.0812337E-18,4.6832872E-17
7132.9233,2.1550383E-17,3.1138079E-18,5.246395E-17
7138.4473,2.4849963E-17,3.1593599E-18,5.508145E-17
7143.9707,2.3494307E-17,3.1233085E-18,5.1713476E-17
7149.4946,1.743811E-17,3.102807E-18,5.8484555E-17
7155.0186,1.7030666E-17,3.0885801E-18,5.848975E-17
7160.5425,1.9681684E-17,3.074572E-18,5.1650732E-17
7166.066,2.042188E-17,3.0881853E-18,5.2109914E-17
7171.59,1.8701804E-17,3.0648256E-18,5.3597125E-17
7177.114,2.5582592E-17,3.10384E-18,4.8085005E-17
7182.6377,2.0479596E-17,3.044784E-18,4.8835245E-17
7188.161,1.6770662E-17,2.9878678E-18,4.749169E-17
7193.685,2.401229E-17,3.0098077E-18,3.95093E-17
7199.209,2.2910167E-17,2.9946914E-18,3.9404684E-17
7204.733,2.4296923E-17,2.9998805E-18,3.8336483E-17
7210.257,1.7786148E-17,2.9531177E-18,4.1706046E-17
7215.7803,1.6695092E-17,2.9552394E-18,4.451597E-17
7221.304,2.4565296E-17,3.0518237E-18,4.5517238E-17
7226.828,2.0602543E-17,3.1720054E-18,6.8395005E-17
7232.352,1.3956686E-17,3.635644E-18,1.5280298E-16
7237.8755,1.3934733E-17,4.1307712E-18,2.4262936E-16
7243.3994,2.7487222E-17,4.3561585E-18,2.6559824E-16
7248.9233,2.9798176E-17,4.3101834E-18,2.5416068E-16
7254.4473,2.395909E-17,3.850812E-18,1.7771344E-16
7259.9707,2.3651661E-17,3.3808946E-18,9.943389E-17
7265.4946,2.1842808E-17,3.489103E-18,1.1918751E-16
7271.0186,2.5711511E-17,3.9512983E-18,1.9451057E-16
7276.5425,2.5517667E-17,4.172702E-18,2.3765937E-16
7282.066,1.6386282E-17,4.1766996E-18,2.53444E-16
7287.59,1.4989624E-17,3.834292E-18,1.9188135E-16
7293.114,1.9851827E-17,3.5507534E-18,1.3412315E-16
7298.6377,1.9262616E-17,3.3762431E-18,1.0716602E-16
7304.161,2.2155713E-17,3.48941E-18,1.2056941E-16
7309.685,2.2461654E-17,3.7706987E-18,1.6860744E-16
7315.209,2.2553455E-17,3.762509E-18,1.6724365E-16
7320.733,1.6909382E-17,3.780692E-18,1.8095981E-16
7326.2563,2.159146E-17,3.7561246E-18,1.676178E-16
7331.7803,2.687091E-17,3.867962E-18,1.761772E-16
7337.304,3.00463E-17,4.0644694E-18,2.0738542E-16
7342.828,3.2195676E-17,3.968225E-18,1.8607433E-16
7348.3516,2.4289381E-17,3.8574757E-18,1.7855282E-16
7353.8755,2.0549688E-17,3.69416E-18,1.553982E-16
7359.3994,3.3161796E-17,3.7006286E-18,1.3420966E-16
7364.9233,2.8432117E-17,3.95851E-18,1.888807E-16
7370.4473,3.1325485E-17,3.881964E-18,1.6929518E-16
7375.9707,2.2957773E-17,3.69104E-18,1.4874065E-16
7381.4946,1.6942535E-17,3.4136362E-18,1.1133492E-16
7387.0186,2.8765193E-17,3.361116E-18,8.1052914E-17
7392.5425,2.9049703E-17,3.5106993E-18,1.046689E-16
7398.066,2.5910582E-17,3.6573894E-18,1.3338088E-16
7403.59,2.3688841E-17,3.575265E-18,1.223004E-16
7409.114,2.1114856E-17,3.4650155E-18,1.07312285E-16
7414.6377,2.396506E-17,3.326883E-18,7.944901E-17
7420.161,2.561587E-17,3.2273858E-18,6.0034605E-17
7425.685,2.1398664E-17,3.2407383E-18,6.8731615E-17
7431.209,2.3461241E-17,3.3551382E-18,8.117257E-17
7436.733,2.4360203E-17,3.4259602E-18,8.880291E-17
7442.2563,2.7194309E-17,3.412204E-18,7.975415E-17
7447.7803,3.3967808E-17,3.4373747E-18,7.069704E-17
7453.304,2.7584948E-17,3.2820099E-18,5.624252E-17
7458.828,2.1346782E-17,3.2143502E-18,5.5709026E-17
7464.3516,2.668141E-17,3.3981396E-18,7.253401E-17
7469.8755,2.7250673E-17,3.58547E-18,9.921923E-17
7475.3994,2.8028062E-17,3.745424E-18,1.2164214E-16
7480.9233,2.7298621E-17,3.7700117E-18,1.2503179E-16
7486.447,2.781145E-17,3.6721298E-18,1.07308784E-16
7491.9707,2.3040717E-17,3.5160437E-18,8.785121E-17
7497.4946,2.8256602E-17,3.3816432E-18,5.752277E-17
7503.0186,3.2882107E-17,3.3476671E-18,4.3476368E-17
7508.542,2.2337169E-17,3.2616478E-18,4.7416448E-17
7514.066,3.4966976E-17,3.5416743E-18,6.6646855E-17
7519.59,2.8820872E-17,3.87587E-18,1.2626436E-16
7525.114,2.5158563E-17,3.9762026E-18,1.4730852E-16
7530.637,3.030695E-17,3.989773E-18,1.39628E-16
7536.161,1.8405682E-17,3.7261397E-18,1.1553184E-16
7541.685,3.4147045E-17,3.5693484E-18,6.373572E-17
7547.209,3.2994428E-17,3.4855224E-18,5.2907673E-17
7552.733,2.9534398E-17,3.506791E-18,5.870622E-17
7558.2563,3.018424E-17,3.505422E-18,5.62317E-17
7563.7803,2.7579093E-17,3.717162E-18,8.9853884E-17
7569.304,1.6226051E-17,3.7252588E-18,1.08638964E-16
7574.828,1.503162E-17,3.727075E-18,1.08557675E-16
7580.3516,3.3356862E-17,3.9225322E-18,1.06689166E-16
7585.8755,3.6806023E-17,3.7406017E-18,7.259642E-17
7591.3994,3.514233E-17,3.637021E-18,6.051559E-17
7596.9233,2.7110482E-17,3.486683E-18,5.4775E-17
7602.447,1.7894593E-17,3.2138626E-18,3.4048845E-17
7607.9707,1.6951368E-17,3.1403703E-18,2.985086E-17
7613.4946,3.123362E-17,3.267346E-18,3.621162E-17
7619.0186,3.57562E-17,3.3473003E-18,3.990894E-17
7624.542,2.2408884E-17,3.377996E-18,5.1736633E-17
7630.066,2.1131464E-17,3.3689052E-18,4.9411584E-17
7635.59,1.9949777E-17,3.3127663E-18,4.2486898E-17
7641.114,3.0105483E-17,3.3300478E-18,3.341461E-17
7646.637,2.2844857E-17,3.296703E-18,3.57512E-17
7652.161,2.4869142E-17,3.3969586E-18,4.4321244E-17
7657.685,2.797032E-17,3.504817E-18,5.212781E-17
7663.209,3.4069078E-17,3.577176E-18,4.994217E-17
7668.7324,2.2368238E-17,3.5135295E-18,5.4711155E-17
7674.2563,3.003135E-17,3.5581406E-18,4.7566806E-17
7679.7803,2.31113E-17,3.4735316E-18,4.4995085E-17
7685.304,3.1823637E-17,3.5963356E-18,4.6989348E-17
7690.8276,3.57045E-17,3.693197E-18,5.3615607E-17
7696.3516,2.758266E-17,3.6965978E-18,6.62299E-17
7701.8755,1.9448197E-17,3.718401E-18,8.270251E-17
7707.3994,5.581956E-18,4.3690224E-18,2.0740761E-16
7712.923,1.9689264E-17,5.0801707E-18,3.1309752E-16
7718.447,2.56919E-17,5.3501488E-18,3.580915E-16
7723.9707,3.7940677E-17,5.3007537E-18,3.2771284E-16
7729.4946,2.247363E-17,4.5736855E-18,2.1457536E-16
7735.0186,1.9668816E-17,3.954179E-18,1.1633287E-16
7740.542,2.492945E-17,4.0656883E-18,1.2532066E-16
7746.066,2.7037126E-17,4.6032436E-18,2.1228848E-16
7751.59,3.1330088E-17,4.970616E-18,2.7507099E-16
7757.114,3.0675027E-17,5.0702073E-18,2.9673115E-16
7762.637,2.724239E-17,4.7475572E-18,2.4103866E-16
7768.161,2.2756E-17,4.2873532E-18,1.665444E-16
7773.685,2.1607835E-17,4.1459773E-18,1.455484E-16
7779.209,1.8973282E-17,4.0393202E-18,1.3344751E-16
7784.7324,2.599536E-17,4.319437E-18,1.6799347E-16
7790.2563,1.7459536E-17,4.570791E-18,2.2779366E-16
7795.7803,2.719985E-17,4.5902907E-18,2.1408271E-16
7801.304,2.856456E-17,4.604011E-18,2.160483E-16
7806.8276,1.541993E-17,4.3701755E-18,1.9780647E-16
7812.3516,1.4337507E-17,4.135027E-18,1.5932248E-16
7817.8755,1.7423273E-17,4.7433576E-18,2.6214066E-16
7823.3994,2.9661466E-17,4.718142E-18,2.3515382E-16
7828.923,1.982248E-17,4.520533E-18,2.169813E-16
7834.447,2.3673611E-17,4.3631895E-18,1.8094364E-16
7839.9707,2.388236E-17,3.9731594E-18,1.1508173E-16
7845.4946,2.0229886E-17,4.376967E-18,1.8955565E-16
7851.018,2.2468174E-17,4.950598E-18,2.9482805E-16
7856.542,2.1141181E-17,5.066196E-18,3.1954246E-16
7862.066,2.350149E-17,5.25898E-18,3.5515583E-16
7867.59,1.05144905E-17,4.871754E-18,2.990584E-16
7873.1133,1.3086802E-17,4.5724373E-18,2.364667E-16
7878.637,1.7189033E-17,4.576626E-18,2.285628E-16
7884.161,5.203388E-18,4.4737476E-18,2.320455E-16
7889.685,1.6255535E-17,4.5571613E-18,2.247941E-16
7895.209,2.875301E-17,4.488657E-18,1.8719337E-16
7900.7324,2.4757529E-17,4.176275E-18,1.3901259E-16
7906.2563,1.813029E-17,4.3445478E-18,1.8053662E-16
7911.7803,1.0990756E-17,4.8277834E-18,2.814978E-16
7917.304,1.0824699E-17,5.1102387E-18,3.3631936E-16
7922.8276,2.2478762E-17,5.29135E-18,3.4930127E-16
7928.3516,2.6319221E-17,5.0941653E-18,2.987586E-16
7933.8755,2.0327155E-17,4.432552E-18,1.8465582E-16
7939.3994,1.8835432E-17,4.1458557E-18,1.3627393E-16
7944.923,1.7298767E-17,4.0720443E-18,1.2792155E-16
7950.447,2.021583E-17,3.9054323E-18,9.2241034E-17
7955.9707,2.526798E-17,4.166455E-18,1.2320379E-16
7961.4946,3.4215717E-17,4.8130037E-18,2.1779373E-16
7967.018,2.2506468E-17,4.654846E-18,2.0928206E-16
7972.542,1.700509E-17,4.8116943E-18,2.4687148E-16
7978.066,2.4082639E-17,4.7229676E-18,2.1457757E-16
7983.59,1.4546623E-17,4.372882E-18,1.6941202E-16
7989.1133,1.414743E-17,4.8394152E-18,2.5225396E-16
7994.637,2.7537104E-17,4.9105056E-18,2.358251E-16
8000.161,2.7625334E-17,4.7916956E-18,2.1258236E-16
8005.685,1.201651E-17,4.525162E-18,1.9320573E-16
8011.2085,1.26970785E-17,4.1214444E-18,1.2384617E-16
8016.7324,1.1694367E-17,4.149143E-18,1.2697498E-16
8022.2563,1.8249113E-17,4.6703746E-18,1.9892454E-16
8027.7803,2.5160098E-17,4.7701756E-18,2.0092813E-16
8033.3037,1.9282538E-17,4.611253E-18,1.8161984E-16
8038.8276,2.5102017E-17,4.3997307E-18,1.3364962E-16
8044.3516,2.8103488E-17,4.0524517E-18,7.160794E-17
8049.8755,1.7846185E-17,3.9096514E-18,6.82858E-17
8055.399,1.6603417E-17,4.0833816E-18,9.320623E-17
8060.923,2.1590984E-17,4.3382095E-18,1.2209885E-16
8066.447,2.420576E-17,4.260613E-18,1.0314211E-16
8071.9707,1.7013208E-17,4.153804E-18,9.710771E-17
8077.4946,1.269835E-17,3.9518798E-18,7.303035E-17
8083.018,1.8714419E-17,3.8780634E-18,5.007111E-17
8088.542,2.6939425E-17,4.017367E-18,5.1277032E-17
8094.066,2.625995E-17,4.0761016E-18,5.8560324E-17
8099.59,1.5483115E-17,4.1242042E-18,8.301025E-17
8105.1133,1.8951528E-17,4.1810146E-18,8.3153046E-17
8110.637,1.5894246E-17,4.0808927E-18,7.103177E-17
8116.161,1.9288285E-17,4.0746685E-18,6.225432E-17
8121.685,2.2049417E-17,3.992907E-18,4.3811922E-17
8127.2085,2.535882E-17,3.978301E-18,3.3833113E-17
8132.7324,2.4275779E-17,4.0310186E-18,4.0206758E-17
8138.2563,1.9105708E-17,4.0492067E-18,4.9371013E-17
8143.7803,2.6766706E-17,4.1872003E-18,5.3448752E-17
8149.3037,1.7486027E-17,4.1768373E-18,6.560103E-17
8154.8276,1.3242859E-17,4.1116237E-18,6.025317E-17
8160.3516,1.821201E-17,4.071982E-18,4.4766422E-17
8165.8755,2.0355524E-17,4.0608455E-18,3.756555E-17
8171.399,2.052148E-17,4.035917E-18,3.3375997E-17
8176.923,2.5142133E-17,4.1079998E-18,3.2056018E-17
8182.447,3.075835E-17,4.2140373E-18,3.4713045E-17
8187.9707,1.9988353E-17,4.192218E-18,4.6371805E-17
8193.494,1.7596684E-17,4.190417E-18,4.688646E-17
8199.019,2.3938847E-17,4.2508026E-18,4.2894787E-17
8204.542,1.4426652E-17,4.1932556E-18,4.8143854E-17
8210.065,8.532482E-18,4.1681524E-18,5.3044075E-17
8215.59,1.9318884E-17,4.225731E-18,4.1201866E-17
8221.113,1.3078791E-17,4.16552E-18,4.1522624E-17
8226.637,2.8558364E-17,4.300323E-18,3.3111454E-17
8232.161,2.309279E-17,4.246609E-18,3.373786E-17
8237.685,9.961643E-18,4.107105E-18,3.497256E-17
8243.209,1.7689395E-17,4.2253453E-18,3.5396547E-17
8248.732,2.2394438E-17,4.2910205E-18,3.469427E-17
8254.256,2.4689574E-17,4.362017E-18,3.7996766E-17
8259.78,1.8726034E-17,4.2801783E-18,3.5437595E-17
8265.304,2.4855131E-17,4.387707E-18,3.8752528E-17
8270.828,2.8543253E-17,4.5057558E-18,4.5966298E-17
8276.352,1.7695936E-17,4.9711938E-18,1.2355603E-16
8281.875,3.4426846E-19,5.6227958E-18,2.4379834E-16
8287.399,1.713538E-17,6.2801674E-18,3.3030942E-16
8292.923,4.0357497E-17,6.969062E-18,4.1896973E-16
8298.446,3.1885655E-17,6.8494608E-18,4.0625153E-16
8303.971,2.4548507E-17,6.3106767E-18,3.1577865E-16
8309.494,1.547286E-17,5.8445203E-18,2.4754244E-16
8315.019,1.7002681E-17,5.276134E-18,1.5663292E-16
8320.542,2.348719E-17,4.860324E-18,8.571548E-17
8326.065,2.1404776E-17,4.638702E-18,5.819749E-17
8331.59,2.32894E-17,4.51116E-18,3.8773337E-17
8337.113,9.455454E-18,5.4248734E-18,1.8138451E-16
8342.637,-4.9515056E-18,6.7027545E-18,4.0382328E-16
8348.161,6.5647084E-18,7.182466E-18,4.841551E-16
8353.685,1.2012556E-17,7.354366E-18,5.0569355E-16
8359.209,1.0069046E-17,6.74243E-18,3.8981007E-16
8364.732,1.7080254E-17,5.7845398E-18,2.1549504E-16
8370.256,2.448072E-17,5.3182424E-18,1.3148471E-16
8375.78,2.3368668E-17,5.3127817E-18,1.3009887E-16
8381.304,1.2029966E-17,5.207538E-18,1.3225292E-16
8386.827,1.3384963E-17,5.1880028E-18,1.241942E-16
8392.352,8.091869E-20,5.83194E-18,2.3417901E-16
8397.875,3.1723154E-17,6.6781227E-18,3.242662E-16
8403.399,6.076728E-17,6.8426266E-18,3.0785733E-16
8408.923,5.5231256E-17,7.046099E-18,3.5001342E-16
8414.446,1.3814457E-17,6.143951E-18,2.538643E-16
8419.971,1.3062704E-17,5.6653323E-18,1.7996513E-16
8425.494,3.354409E-18,6.6314214E-18,3.454546E-16
8431.019,3.0397124E-17,6.995414E-18,3.658809E-16
8436.542,4.287292E-17,6.962435E-18,3.3632163E-16
8442.065,3.351551E-17,6.650563E-18,2.9454353E-16
8447.59,1.9315521E-17,5.8332438E-18,1.8308077E-16
8453.113,2.1130671E-17,5.487121E-18,1.2815732E-16
8458.637,1.0897961E-17,6.045005E-18,2.236243E-16
8464.161,1.11583215E-17,6.5481962E-18,2.9999443E-16
8469.685,2.6153249E-17,6.485775E-18,2.6444467E-16
8475.209,3.054309E-17,6.308781E-18,2.262295E-16
8480.732,2.662614E-17,5.6753813E-18,1.36591E-16
8486.256,1.0433023E-17,4.953091E-18,6.4674E-17
8491.78,2.0567052E-17,5.2783867E-18,8.72741E-17
8497.304,2.0250817E-17,5.582655E-18,1.2600551E-16
8502.827,1.8066965E-17,6.0014956E-18,1.882225E-16
8508.352,1.6800101E-17,6.0141862E-18,1.8991728E-16
8513.875,1.8272329E-17,5.7888755E-18,1.5083281E-16
8519.399,1.8248168E-17,5.4171136E-18,9.982799E-17
8524.923,2.2507247E-17,5.0136277E-18,3.8498107E-17
8530.446,2.0039805E-17,4.9357243E-18,3.303056E-17
8535.971,1.0748891E-17,5.017409E-18,5.496597E-17
8541.494,2.1172134E-17,5.2898386E-18,7.1021E-17
8547.018,1.8818543E-17,5.5963343E-18,1.122269E-16
8552.542,2.1785469E-17,5.5633165E-18,1.00582026E-16
8558.065,1.5444577E-17,5.456212E-18,9.3383384E-17
8563.59,2.3955222E-17,5.3348658E-18,6.357707E-17
8569.113,1.5819492E-17,5.0013888E-18,3.3049637E-17
8574.637,1.8104802E-17,4.9891167E-18,2.872288E-17
8580.161,1.8158631E-17,5.0198705E-18,2.9283573E-17
8585.685,1.3317836E-17,5.048195E-18,3.791952E-17
8591.208,3.154123E-17,5.4375123E-18,5.578108E-17
8596.732,2.529179E-17,5.5105887E-18,7.128306E-17
8602.256,1.5298394E-17,5.372465E-18,6.721413E-17
8607.78,9.3416625E-18,5.4298956E-18,8.0901374E-17
8613.304,1.961564E-17,5.902661E-18,1.2434485E-16
8618.827,1.4418407E-17,6.708883E-18,2.4476338E-16
8624.352,8.850188E-18,7.730011E-18,4.1607802E-16
8629.875,2.2990526E-17,8.517349E-18,5.354149E-16
8635.399,3.214788E-17,8.452467E-18,5.07396E-16
8640.923,1.0425418E-17,7.804407E-18,4.19073E-16
8646.446,1.1494036E-17,7.501291E-18,3.6377175E-16
8651.971,2.1838384E-17,7.529898E-18,3.4927112E-16
8657.494,-1.887552E-17,7.9579705E-18,4.511834E-16
8663.018,1.9103988E-17,8.535654E-18,5.2824903E-16
8668.542,2.6893192E-17,8.633416E-18,5.314262E-16
8674.065,1.9563463E-17,8.084187E-18,4.382957E-16
8679.59,4.4174886E-18,7.3733755E-18,3.3693835E-16
8685.113,1.2057402E-17,6.7757693E-18,2.3190666E-16
8690.637,8.782933E-18,6.2733957E-18,1.6454457E-16
8696.161,1.2871453E-17,5.954343E-18,1.1287316E-16
8701.685,4.6797375E-18,5.7473224E-18,1.0014476E-16
8707.208,2.2206762E-17,5.6826125E-18,6.414729E-17
8712.732,2.3578767E-17,5.6438285E-18,5.482032E-17
8718.256,1.7308443E-17,5.4484956E-18,4.0140967E-17
8723.78,1.9310502E-17,5.363085E-18,2.4434508E-17
8729.304,5.1594286E-18,5.236401E-18,2.8103938E-17
8734.827,2.2382485E-17,5.46173E-18,2.876533E-17
8740.352,2.3429591E-17,5.5708927E-18,3.7425337E-17
8745.875,-3.0875259E-18,5.3697422E-18,4.4899364E-17
8751.398,1.54555E-17,5.9733185E-18,9.78017E-17
8756.923,2.393931E-17,7.206743E-18,2.5103973E-16
8762.446,1.2711524E-17,8.10339E-18,4.0835337E-16
8767.971,2.9498704E-18,9.0773105E-18,5.9505166E-16
8773.494,1.2597206E-17,9.669641E-18,6.9187213E-16
8779.018,3.048006E-17,9.3391E-18,5.963537E-16
8784.542,2.4202069E-17,8.666319E-18,4.762049E-16
8790.065,4.3268585E-19,7.671321E-18,3.3817478E-16
8795.59,6.0107294E-18,6.6501396E-18,1.7689023E-16
8801.113,1.8720778E-17,6.3195424E-18,1.1336762E-16
8806.637,2.1350455E-17,6.0407416E-18,7.1357463E-17
8812.161,2.2277385E-17,5.8246986E-18,4.1810016E-17
8817.685,1.6540395E-17,7.282635E-18,2.4191618E-16
8823.208,3.604865E-17,9.637799E-18,6.1296365E-16
8828.732,4.4878496E-17,1.0405945E-17,7.502654E-16
8834.256,2.8228895E-17,1.0554651E-17,8.035345E-16
8839.78,1.9923768E-17,9.683164E-18,6.369753E-16
8845.304,-9.021187E-18,7.917146E-18,3.5119188E-16
8850.827,6.890649E-18,6.994627E-18,2.0371247E-16
8856.352,2.3787152E-17,6.7730864E-18,1.4722401E-16
8861.875,4.441246E-18,6.9038752E-18,1.9271602E-16
8867.398,2.3704612E-17,7.062065E-18,1.861885E-16
8872.923,2.386821E-17,7.081042E-18,1.8748297E-16
8878.446,1.6648514E-17,8.021589E-18,3.4194402E-16
8883.971,3.397824E-17,8.704574E-18,4.2982607E-16
8889.494,2.0731054E-17,8.7044505E-18,4.52994E-16
8895.018,4.2369577E-17,9.152564E-18,5.0013796E-16
8900.542,2.9021695E-17,8.076585E-18,3.3216627E-16
8906.065,3.0016654E-17,7.457483E-18,2.3481212E-16
8911.589,-3.3058023E-18,8.3786E-18,4.3004747E-16
8917.113,1.0399646E-17,8.938162E-18,5.148882E-16
8922.637,1.370319E-19,8.940122E-18,5.319653E-16
8928.161,5.8779955E-18,8.718382E-18,4.839976E-16
8933.685,3.358082E-17,7.809214E-18,2.8462742E-16
8939.208,2.5775952E-17,7.037463E-18,1.8019664E-16
8944.732,1.3587311E-17,7.078639E-18,2.0469026E-16
8950.256,1.5360739E-17,7.95354E-18,3.3863445E-16
8955.78,-2.029988E-19,8.4586125E-18,4.4726145E-16
8961.304,1.3257872E-17,8.460472E-18,4.2680775E-16
8966.827,2.940128E-17,8.17052E-18,3.5014936E-16
8972.352,3.275135E-17,7.1111915E-18,1.7486532E-16
8977.875,2.5688694E-17,6.3933786E-18,8.346528E-17
8983.398,2.1414738E-17,6.5992023E-18,1.1498303E-16
8988.923,1.7442336E-17,7.0350876E-18,1.8092024E-16
8994.446,1.8536627E-18,7.670545E-18,2.9859224E-16
8999.971,2.4108407E-17,8.007005E-18,3.1322937E-16
9005.494,2.1132155E-17,7.615615E-18,2.5078083E-16
9011.018,3.02404E-17,7.282536E-18,1.8144903E-16
9016.542,1.9052403E-17,6.493726E-18,8.554666E-17
9022.065,2.4678679E-17,6.187635E-18,3.3604262E-17
9027.589,2.4565904E-17,6.2623677E-18,3.7529198E-17
9033.113,3.87536E-17,6.7159274E-18,6.967363E-17
9038.637,1.6831407E-17,6.8096974E-18,1.0977309E-16
9044.161,3.1860956E-17,7.266121E-18,1.4046369E-16
9049.685,1.6618738E-17,7.151392E-18,1.4260272E-16
9055.208,2.1462118E-17,7.147667E-18,1.2893504E-16
9060.732,1.8235577E-17,6.946999E-18,1.0321959E-16
9066.256,3.3395442E-17,6.784865E-18,5.34606E-17
9071.779,1.9132922E-17,6.518315E-18,3.933817E-17
9077.304,1.7029874E-17,6.5174185E-18,3.6424346E-17
9082.827,2.4755067E-17,6.649922E-18,3.8226332E-17
9088.352,2.4560878E-17,6.8459184E-18,5.692336E-17
9093.875,2.0411618E-17,6.949365E-18,7.115005E-17
9099.398,1.4927923E-17,7.083763E-18,9.2656166E-17
9104.923,1.802423E-17,7.079923E-18,8.3530736E-17
9110.446,1.878733E-17,6.971677E-18,6.792928E-17
9115.97,2.772395E-19,6.7232095E-18,6.136132E-17
9121.494,1.0188808E-17,6.649531E-18,3.7298173E-17
9127.018,2.7972188E-17,6.747187E-18,1.9103086E-17
9132.542,2.511879E-17,6.721397E-18,1.8083957E-17
9138.065,3.4862814E-17,6.807237E-18,1.2482848E-17
9143.589,2.301749E-17,6.741637E-18,2.0035989E-17
9149.113,6.410902E-18,6.8400735E-18,5.725177E-17
9154.637,2.103459E-17,7.180113E-18,7.5693544E-17
9160.161,2.5140775E-17,7.1741896E-18,6.5371654E-17
9165.685,2.927788E-17,7.169294E-18,5.81536E-17
9171.208,2.764548E-17,7.089016E-18,4.7437564E-17
9176.732,2.3028889E-17,6.8407564E-18,2.2238438E-17
9182.256,2.5076293E-17,6.7829323E-18,1.1129907E-17
9187.779,1.5917607E-17,6.7397973E-18,1.6816865E-17
9193.304,1.644506E-17,6.7752205E-18,1.9912601E-17
9198.827,6.5391957E-18,6.6419505E-18,1.8266555E-17
9204.352,2.8271065E-17,6.8495625E-18,6.247868E-18
9209.875,1.4762127E-17,6.808386E-18,2.2517314E-17
9215.398,2.6026333E-17,7.148168E-18,4.6980957E-17
9220.923,1.3858391E-17,7.038046E-18,5.72137E-17
9226.446,1.3915605E-17,6.9776225E-18,5.152327E-17
9231.97,1.0534107E-19,6.7486635E-18,4.9183038E-17
9237.494,3.1392355E-17,6.916077E-18,2.7824754E-17
9243.018,2.3836852E-17,6.6957326E-18,2.4482675E-17
9248.542,3.1857703E-17,6.7263945E-18,2.6140969E-17
